sigma	a	N
0	10	3348
-0.001	10	3348
-0.005	10	3348
-0.010	10	3348
-0.015	10	3348
-0.020	10	3348
-0.025	10	3348
-0.030	10	3348
-0.055	10	3348
-0.07	10	3348
0	20	3348
-0.001	20	3348
-0.005	20	3348
-0.010	20	3348
-0.015	20	3348
-0.020	20	3348
-0.025	20	3348
-0.030	20	3348
-0.055	20	3348
-0.07	20	3348
0	10	3993
-0.02111	20	3348
-0.02222	20	3348
-0.02333	20	3348
-0.02444	20	3348
-0.02556	20	3348
-0.02667	20	3348
-0.02778	20	3348
-0.02889	20	3348
